home,away,home_goals,away_goals,played
Athletico Paranaense,Atlético Mineiro,,,False
Athletico Paranaense,Bahia,,,False
Athletico Paranaense,Botafogo,4,1,True
Athletico Paranaense,Chapecoense,2,0,True
Athletico Paranaense,Corinthians,0,1,True
Athletico Paranaense,Coritiba,2,0,True
Athletico Paranaense,Cruzeiro,2,1,True
Athletico Paranaense,Flamengo,1,1,True
Athletico Paranaense,Fluminense,3,3,True
Athletico Paranaense,Grêmio,0,0,True
Athletico Paranaense,Internacional,2,0,True
Athletico Paranaense,Mirassol,1,0,True
Athletico Paranaense,Palmeiras,,,False
Athletico Paranaense,Red Bull Bragantino,1,1,True
Athletico Paranaense,Remo,,,False
Athletico Paranaense,Santos,2,1,True
Athletico Paranaense,São Paulo,,,False
Athletico Paranaense,Vasco da Gama,,,False
Athletico Paranaense,Vitória,3,1,True
Atlético Mineiro,Athletico Paranaense,2,1,True
Atlético Mineiro,Bahia,1,1,True
Atlético Mineiro,Botafogo,1,1,True
Atlético Mineiro,Chapecoense,,,False
Atlético Mineiro,Corinthians,,,False
Atlético Mineiro,Coritiba,,,False
Atlético Mineiro,Cruzeiro,,,False
Atlético Mineiro,Flamengo,0,4,True
Atlético Mineiro,Fluminense,3,1,True
Atlético Mineiro,Grêmio,3,0,True
Atlético Mineiro,Internacional,1,0,True
Atlético Mineiro,Mirassol,3,1,True
Atlético Mineiro,Palmeiras,2,2,True
Atlético Mineiro,Red Bull Bragantino,,,False
Atlético Mineiro,Remo,3,3,True
Atlético Mineiro,Santos,,,False
Atlético Mineiro,São Paulo,1,0,True
Atlético Mineiro,Vasco da Gama,,,False
Atlético Mineiro,Vitória,2,1,True
Bahia,Athletico Paranaense,3,0,True
Bahia,Atlético Mineiro,,,False
Bahia,Botafogo,2,1,True
Bahia,Chapecoense,2,0,True
Bahia,Corinthians,1,1,True
Bahia,Coritiba,,,False
Bahia,Cruzeiro,1,2,True
Bahia,Flamengo,,,False
Bahia,Fluminense,1,1,True
Bahia,Grêmio,1,1,True
Bahia,Internacional,3,2,True
Bahia,Mirassol,,,False
Bahia,Palmeiras,1,2,True
Bahia,Red Bull Bragantino,2,0,True
Bahia,Remo,,,False
Bahia,Santos,2,2,True
Bahia,São Paulo,,,False
Bahia,Vasco da Gama,0,0,True
Bahia,Vitória,1,1,True
Botafogo,Athletico Paranaense,2,3,True
Botafogo,Atlético Mineiro,,,False
Botafogo,Bahia,,,False
Botafogo,Chapecoense,,,False
Botafogo,Corinthians,3,1,True
Botafogo,Coritiba,2,2,True
Botafogo,Cruzeiro,4,0,True
Botafogo,Flamengo,0,3,True
Botafogo,Fluminense,1,1,True
Botafogo,Grêmio,,,False
Botafogo,Internacional,2,2,True
Botafogo,Mirassol,3,2,True
Botafogo,Palmeiras,0,0,True
Botafogo,Red Bull Bragantino,1,1,True
Botafogo,Remo,1,2,True
Botafogo,Santos,2,1,True
Botafogo,São Paulo,,,False
Botafogo,Vasco da Gama,,,False
Botafogo,Vitória,0,0,True
Chapecoense,Athletico Paranaense,,,False
Chapecoense,Atlético Mineiro,0,4,True
Chapecoense,Bahia,3,3,True
Chapecoense,Botafogo,1,4,True
Chapecoense,Corinthians,0,0,True
Chapecoense,Coritiba,3,3,True
Chapecoense,Cruzeiro,,,False
Chapecoense,Flamengo,0,4,True
Chapecoense,Fluminense,,,False
Chapecoense,Grêmio,1,1,True
Chapecoense,Internacional,1,2,True
Chapecoense,Mirassol,,,False
Chapecoense,Palmeiras,,,False
Chapecoense,Red Bull Bragantino,1,2,True
Chapecoense,Remo,2,3,True
Chapecoense,Santos,4,2,True
Chapecoense,São Paulo,1,0,True
Chapecoense,Vasco da Gama,,,False
Chapecoense,Vitória,1,1,True
Corinthians,Athletico Paranaense,0,0,True
Corinthians,Atlético Mineiro,1,0,True
Corinthians,Bahia,1,2,True
Corinthians,Botafogo,,,False
Corinthians,Chapecoense,1,2,True
Corinthians,Coritiba,0,2,True
Corinthians,Cruzeiro,1,2,True
Corinthians,Flamengo,1,1,True
Corinthians,Fluminense,,,False
Corinthians,Grêmio,,,False
Corinthians,Internacional,0,1,True
Corinthians,Mirassol,,,False
Corinthians,Palmeiras,0,0,True
Corinthians,Red Bull Bragantino,2,0,True
Corinthians,Remo,3,0,True
Corinthians,Santos,0,1,True
Corinthians,São Paulo,3,2,True
Corinthians,Vasco da Gama,1,0,True
Corinthians,Vitória,,,False
Coritiba,Athletico Paranaense,3,3,True
Coritiba,Atlético Mineiro,2,0,True
Coritiba,Bahia,3,2,True
Coritiba,Botafogo,,,False
Coritiba,Chapecoense,2,1,True
Coritiba,Corinthians,2,1,True
Coritiba,Cruzeiro,0,1,True
Coritiba,Flamengo,,,False
Coritiba,Fluminense,1,1,True
Coritiba,Grêmio,,,False
Coritiba,Internacional,2,2,True
Coritiba,Mirassol,1,2,True
Coritiba,Palmeiras,1,3,True
Coritiba,Red Bull Bragantino,0,1,True
Coritiba,Remo,1,0,True
Coritiba,Santos,,,False
Coritiba,São Paulo,0,1,True
Coritiba,Vasco da Gama,1,1,True
Coritiba,Vitória,,,False
Cruzeiro,Athletico Paranaense,3,1,True
Cruzeiro,Atlético Mineiro,1,3,True
Cruzeiro,Bahia,,,False
Cruzeiro,Botafogo,0,1,True
Cruzeiro,Chapecoense,2,1,True
Cruzeiro,Corinthians,1,1,True
Cruzeiro,Coritiba,1,2,True
Cruzeiro,Flamengo,2,1,True
Cruzeiro,Fluminense,1,1,True
Cruzeiro,Grêmio,2,0,True
Cruzeiro,Internacional,,,False
Cruzeiro,Mirassol,3,1,True
Cruzeiro,Palmeiras,,,False
Cruzeiro,Red Bull Bragantino,2,1,True
Cruzeiro,Remo,,,False
Cruzeiro,Santos,0,0,True
Cruzeiro,São Paulo,,,False
Cruzeiro,Vasco da Gama,3,3,True
Cruzeiro,Vitória,3,0,True
Flamengo,Athletico Paranaense,,,False
Flamengo,Atlético Mineiro,,,False
Flamengo,Bahia,2,0,True
Flamengo,Botafogo,3,0,True
Flamengo,Chapecoense,,,False
Flamengo,Corinthians,2,1,True
Flamengo,Coritiba,3,0,True
Flamengo,Cruzeiro,2,0,True
Flamengo,Fluminense,,,False
Flamengo,Grêmio,,,False
Flamengo,Internacional,1,1,True
Flamengo,Mirassol,2,0,True
Flamengo,Palmeiras,0,3,True
Flamengo,Red Bull Bragantino,,,False
Flamengo,Remo,3,0,True
Flamengo,Santos,3,1,True
Flamengo,São Paulo,1,1,True
Flamengo,Vasco da Gama,2,2,True
Flamengo,Vitória,2,0,True
Fluminense,Athletico Paranaense,3,2,True
Fluminense,Atlético Mineiro,1,0,True
Fluminense,Bahia,0,0,True
Fluminense,Botafogo,1,0,True
Fluminense,Chapecoense,2,1,True
Fluminense,Corinthians,3,1,True
Fluminense,Coritiba,,,False
Fluminense,Cruzeiro,,,False
Fluminense,Flamengo,1,2,True
Fluminense,Grêmio,2,1,True
Fluminense,Internacional,,,False
Fluminense,Mirassol,,,False
Fluminense,Palmeiras,3,2,True
Fluminense,Red Bull Bragantino,1,1,True
Fluminense,Remo,2,1,True
Fluminense,Santos,,,False
Fluminense,São Paulo,2,1,True
Fluminense,Vasco da Gama,1,0,True
Fluminense,Vitória,2,2,True
Grêmio,Athletico Paranaense,,,False
Grêmio,Atlético Mineiro,2,1,True
Grêmio,Bahia,,,False
Grêmio,Botafogo,5,3,True
Grêmio,Chapecoense,3,1,True
Grêmio,Corinthians,1,3,True
Grêmio,Coritiba,1,0,True
Grêmio,Cruzeiro,,,False
Grêmio,Flamengo,0,1,True
Grêmio,Fluminense,1,1,True
Grêmio,Internacional,,,False
Grêmio,Mirassol,,,False
Grêmio,Palmeiras,,,False
Grêmio,Red Bull Bragantino,1,1,True
Grêmio,Remo,0,0,True
Grêmio,Santos,3,2,True
Grêmio,São Paulo,2,1,True
Grêmio,Vasco da Gama,,,False
Grêmio,Vitória,2,0,True
Internacional,Athletico Paranaense,0,1,True
Internacional,Atlético Mineiro,0,0,True
Internacional,Bahia,0,1,True
Internacional,Botafogo,,,False
Internacional,Chapecoense,2,0,True
Internacional,Corinthians,,,False
Internacional,Coritiba,,,False
Internacional,Cruzeiro,1,2,True
Internacional,Flamengo,1,1,True
Internacional,Fluminense,2,0,True
Internacional,Grêmio,0,0,True
Internacional,Mirassol,1,2,True
Internacional,Palmeiras,1,3,True
Internacional,Red Bull Bragantino,,,False
Internacional,Remo,1,1,True
Internacional,Santos,2,3,True
Internacional,São Paulo,1,1,True
Internacional,Vasco da Gama,4,1,True
Internacional,Vitória,,,False
Mirassol,Athletico Paranaense,,,False
Mirassol,Atlético Mineiro,,,False
Mirassol,Bahia,1,2,True
Mirassol,Botafogo,,,False
Mirassol,Chapecoense,1,1,True
Mirassol,Corinthians,2,1,True
Mirassol,Coritiba,0,1,True
Mirassol,Cruzeiro,2,2,True
Mirassol,Flamengo,1,5,True
Mirassol,Fluminense,1,0,True
Mirassol,Grêmio,2,1,True
Mirassol,Internacional,,,False
Mirassol,Palmeiras,1,1,True
Mirassol,Red Bull Bragantino,0,1,True
Mirassol,Remo,2,1,True
Mirassol,Santos,2,2,True
Mirassol,São Paulo,,,False
Mirassol,Vasco da Gama,2,1,True
Mirassol,Vitória,2,2,True
Palmeiras,Athletico Paranaense,1,0,True
Palmeiras,Atlético Mineiro,1,2,True
Palmeiras,Bahia,,,False
Palmeiras,Botafogo,2,1,True
Palmeiras,Chapecoense,1,0,True
Palmeiras,Corinthians,,,False
Palmeiras,Coritiba,,,False
Palmeiras,Cruzeiro,1,1,True
Palmeiras,Flamengo,,,False
Palmeiras,Fluminense,2,1,True
Palmeiras,Grêmio,2,1,True
Palmeiras,Internacional,0,0,True
Palmeiras,Mirassol,1,0,True
Palmeiras,Red Bull Bragantino,,,False
Palmeiras,Remo,,,False
Palmeiras,Santos,1,1,True
Palmeiras,São Paulo,2,0,True
Palmeiras,Vasco da Gama,4,1,True
Palmeiras,Vitória,5,1,True
Red Bull Bragantino,Athletico Paranaense,1,1,True
Red Bull Bragantino,Atlético Mineiro,1,0,True
Red Bull Bragantino,Bahia,2,3,True
Red Bull Bragantino,Botafogo,1,2,True
Red Bull Bragantino,Chapecoense,,,False
Red Bull Bragantino,Corinthians,0,2,True
Red Bull Bragantino,Coritiba,0,0,True
Red Bull Bragantino,Cruzeiro,,,False
Red Bull Bragantino,Flamengo,3,0,True
Red Bull Bragantino,Fluminense,,,False
Red Bull Bragantino,Grêmio,1,0,True
Red Bull Bragantino,Internacional,3,1,True
Red Bull Bragantino,Mirassol,,,False
Red Bull Bragantino,Palmeiras,0,1,True
Red Bull Bragantino,Remo,4,2,True
Red Bull Bragantino,Santos,,,False
Red Bull Bragantino,São Paulo,1,2,True
Red Bull Bragantino,Vasco da Gama,,,False
Red Bull Bragantino,Vitória,2,0,True
Remo,Athletico Paranaense,1,2,True
Remo,Atlético Mineiro,2,2,True
Remo,Bahia,4,1,True
Remo,Botafogo,,,False
Remo,Chapecoense,,,False
Remo,Corinthians,,,False
Remo,Coritiba,2,3,True
Remo,Cruzeiro,0,1,True
Remo,Flamengo,0,1,True
Remo,Fluminense,0,2,True
Remo,Grêmio,,,False
Remo,Internacional,1,1,True
Remo,Mirassol,2,2,True
Remo,Palmeiras,1,1,True
Remo,Red Bull Bragantino,,,False
Remo,Santos,,,False
Remo,São Paulo,1,0,True
Remo,Vasco da Gama,1,1,True
Remo,Vitória,2,0,True
Santos,Athletico Paranaense,0,2,True
Santos,Atlético Mineiro,1,0,True
Santos,Bahia,,,False
Santos,Botafogo,,,False
Santos,Chapecoense,2,2,True
Santos,Corinthians,1,1,True
Santos,Coritiba,0,3,True
Santos,Cruzeiro,2,1,True
Santos,Flamengo,,,False
Santos,Fluminense,2,3,True
Santos,Grêmio,,,False
Santos,Internacional,1,2,True
Santos,Mirassol,1,1,True
Santos,Palmeiras,,,False
Santos,Red Bull Bragantino,2,0,True
Santos,Remo,2,0,True
Santos,São Paulo,1,1,True
Santos,Vasco da Gama,2,1,True
Santos,Vitória,3,1,True
São Paulo,Athletico Paranaense,1,2,True
São Paulo,Atlético Mineiro,2,0,True
São Paulo,Bahia,2,2,True
São Paulo,Botafogo,1,1,True
São Paulo,Chapecoense,2,0,True
São Paulo,Corinthians,,,False
São Paulo,Coritiba,1,1,True
São Paulo,Cruzeiro,4,1,True
São Paulo,Flamengo,2,1,True
São Paulo,Fluminense,,,False
São Paulo,Grêmio,2,0,True
São Paulo,Internacional,,,False
São Paulo,Mirassol,1,0,True
São Paulo,Palmeiras,0,1,True
São Paulo,Red Bull Bragantino,2,1,True
São Paulo,Remo,,,False
São Paulo,Santos,,,False
São Paulo,Vasco da Gama,,,False
São Paulo,Vitória,,,False
Vasco da Gama,Athletico Paranaense,1,0,True
Vasco da Gama,Atlético Mineiro,0,1,True
Vasco da Gama,Bahia,0,1,True
Vasco da Gama,Botafogo,1,2,True
Vasco da Gama,Chapecoense,1,1,True
Vasco da Gama,Corinthians,,,False
Vasco da Gama,Coritiba,,,False
Vasco da Gama,Cruzeiro,3,1,True
Vasco da Gama,Flamengo,,,False
Vasco da Gama,Fluminense,3,2,True
Vasco da Gama,Grêmio,2,1,True
Vasco da Gama,Internacional,,,False
Vasco da Gama,Mirassol,1,1,True
Vasco da Gama,Palmeiras,2,1,True
Vasco da Gama,Red Bull Bragantino,0,3,True
Vasco da Gama,Remo,,,False
Vasco da Gama,Santos,0,3,True
Vasco da Gama,São Paulo,2,1,True
Vasco da Gama,Vitória,,,False
Vitória,Athletico Paranaense,,,False
Vitória,Atlético Mineiro,2,0,True
Vitória,Bahia,0,2,True
Vitória,Botafogo,1,0,True
Vitória,Chapecoense,,,False
Vitória,Corinthians,0,0,True
Vitória,Coritiba,4,1,True
Vitória,Cruzeiro,,,False
Vitória,Flamengo,1,2,True
Vitória,Fluminense,,,False
Vitória,Grêmio,1,0,True
Vitória,Internacional,2,0,True
Vitória,Mirassol,1,0,True
Vitória,Palmeiras,0,4,True
Vitória,Red Bull Bragantino,,,False
Vitória,Remo,2,0,True
Vitória,Santos,,,False
Vitória,São Paulo,2,0,True
Vitória,Vasco da Gama,1,0,True
